	wildtype	KRAS	NRAS
intercept	0.01924133532662868	-0.1354181914675555	-0.013918522824025177
